1;Google
1;self
1;cars
1;robots
1;lot
1;press
1;company
1;future
1;machine
1;technology
1;computers
2;Eric_Schmidt_Google_Chairman
3;period
3;history
4;period
4;mainframes
4;PCs
5;way
5;years
6;period
6;democratization
6;tools
6;techniques
6;boost
6;computing
7;Today
7;data_scientist
7;data
7;machines
7;algorithms
7;dollors
7;hour
8;t
8;days
8;nights
10;idea
10;guide
10;journey
10;data_scientists
10;machine_learning_enthusiasts
10;world
11;guide
11;machine_learning_problems
11;experience
12;level
12;machine
12;algorithms
12;R_Python
13;hands
15;statistics
15;techniques
15;t_need
15;start
16;understanding
16;algorithms
17;machine_learning_project
17;treat
20;algorithm
20;target_outcome
20;variable
20;set
20;predictors
20;variables
21;set
21;variables
21;function
21;inputs
21;outputs
22;training_process
22;model
22;level
22;accuracy
22;training_data
23;Examples
23;Learning_Regression_Decision_Tree_Random_Forest_KNN_Logistic_Regression_etc.
25;algorithm
25;target
25;outcome_variable
25;estimate
26;clustering_population
26;groups
26;customers
26;groups
26;intervention
27;Examples
27;Learning_Apriori_algorithm_K
29;algorithm
29;machine
29;decisions
30;way
30;machine
30;environment
30;trial
30;error
31;machine
31;experience
31;knowledge
31;business_decisions
32;Example
32;Reinforcement_Learning_Markov_Decision
33;list
33;machine
33;algorithms
34;algorithms
34;data_problem
35;values_cost
35;houses_number
35;calls
35;sales_etc.
36;s
37;relationship
37;variables
37;fitting
37;line
38;fit_line
38;regression_line
38;equation_Y
38;X_b
39;way
39;regression
39;experience
39;childhood
40;child
40;grade
40;people
40;class
40;order
40;weight
40;weights
40;child
40;height
40;people
40;combination
40;parameters
41;regression
41;life
41;child
41;height
41;weight
41;relationship
41;equation
42;equation
43;coefficients
43;b
43;sum
43;difference
43;distance
43;data_points
43;regression_line
44;example
45;fit_line
45;equation_y
48;equation
48;weight
48;height
48;person
50;Regression
50;types
50;Regression
50;Regression
51;Regression
51;variable
52;Regression
52;name
52;variables
53;line
53;regression
54;regression
55;Python_Code
56;R_Code
58;Don_t
58;name
58;classification
58;regression_algorithm
59;values
59;values
59;set
59;s
60;words
60;probability
60;occurrence
60;event
60;data
60;logit_function
61;logit_regression
62;probability
62;output_values
63;example
64;s
64;friend
64;puzzle
65;outcome_scenarios
65;t
66;range
66;puzzles
66;attempt
66;subjects
67;outcome
67;study
67;something
67;trignometry
67;tenth_grade_problem
68;hand
68;grade
68;history_question
68;probability
68;answer
69;Logistic_Regression
70;math
70;log_odds
70;outcome
70;combination
70;predictor_variables
71;p
71;probability
71;presence
71;characteristic
71;interest
72;parameters
72;likelihood
72;sample_values
72;sum
72;errors
72;regression
73;log
73;sake
73;simplicity
73;s
73;way
73;step_function
74;details
74;purpose
74;article
75;Python_Code
76;R_Code
78;steps
78;order
78;model
80;algorithm
81;type
81;learning_algorithm
81;classification_problems
82;variables
83;algorithm
83;population
83;sets
84;attributes
84;variables
84;groups
85;details
85;Decision_Tree_Simplified
87;source_statsexchange
88;image
88;population
88;groups
88;attributes
89;population
89;groups
89;techniques
89;Gini_Information_Gain_Chi
89;entropy
90;way
90;decision_tree
90;Jezzball
90;game
90;Microsoft_image
91;room
91;walls
91;walls
91;area
91;balls
93;time
93;room
93;wall
93;populations
93;room
94;Decision_trees
94;fashion
94;population
94;groups
95;Simplified_Version
95;Decision_Tree_Algorithms
96;R_Code
98;classification_method
99;algorithm
99;data_item
99;point
99;n
99;space
99;n
99;number
99;features
99;value
99;feature
99;value
99;coordinate
100;example
100;features
100;Height
100;Hair_length
100;individual
100;d
100;plot
100;variables
100;space
100;point
100;co_ordinates
100;co_ordinates
100;Support_Vectors
102;line
102;data
102;groups
102;data
103;line
103;distances
103;point
103;groups
105;example
105;line
105;data
105;groups
105;line
105;points
105;line
106;line
106;classifier
107;testing_data_lands
107;side
107;line
107;class
107;data
108;Version
108;Support_Vector_Machine
109;algorithm
109;JezzBall
109;n
109;space
110;tweaks
110;game
112;R_Code
114;classification_technique
114;Bayes_theorem
114;assumption
114;independence
114;predictors
115;terms
115;Bayes_classifier
115;presence
115;feature
115;class
115;presence
115;feature
116;example
116;fruit
116;apple
116;round
116;inches
116;diameter
117;features
117;existence
117;features
117;Bayes_classifier
117;properties
117;probability
117;fruit
117;apple
118;model
118;data_sets
119;simplicity
119;Bayes
119;classification_methods
120;Bayes_theorem
120;way
120;probability_P_c_x
120;P_c_P_x
120;P_x_c
121;equation
123;Example
123;example
124;training_data_set
124;weather
124;target
124;Play
125;players
125;weather_condition
126;steps
127;Step
127;Convert
127;data
127;frequency_table
128;Step
128;Likelihood_table
128;probabilities
128;probability
129;probability
129;playing
132;Step
132;equation
132;probability
132;class
133;class
133;probability
133;outcome
133;prediction
134;Problem_Players
134;weather
134;statement
135;method
135;P
135;P
135;P
135;P
136;P
137;P
138;P
140;P
140;Sunny
144;probability
145;Bayes
145;method
145;probability
145;class
145;attributes
146;algorithm
146;text_classification
146;problems
146;classes
147;R_Code
149;classification
149;regression_problems
150;classification_problems
150;industry
151;K
151;neighbors
151;algorithm
151;stores
151;cases
151;cases
151;majority_vote
151;k_neighbors
152;case
152;class
152;K
152;neighbors
152;distance_function
153;distance_functions
153;Manhattan_Minkowski
153;distance
154;First
154;functions
154;function
154;variables
155;K
155;case
155;class
155;neighbor
156;times
156;K
156;challenge
156;KNN_modeling
157;Introduction
157;k
157;neighbors
159;KNN
159;lives
160;person
160;information
160;friends
160;circles
160;access
160;information
161;Things
161;KNN
162;R_Code
164;type
164;algorithm
164;clustering_problem
165;procedure
165;way
165;data_set
165;number
165;clusters
165;k_clusters
166;Data_points
166;cluster
166;groups
167;shapes
167;ink_blots_k
167;activity
168;shape
168;spread
168;clusters_population
170;K
170;forms_cluster
171;value
171;K
172;K
172;clusters
172;cluster
172;centroid
173;Sum
173;square
173;difference
173;centroid
173;data_points
173;cluster
173;sum
173;value
173;cluster
174;sum
174;values
174;clusters
174;sum
174;value
174;cluster_solution
175;number
175;cluster
175;value
175;result
175;sum
175;distance
175;value
175;k
176;number
176;cluster
178;R_Code
180;Random_Forest
180;trademark_term
180;ensemble
180;decision_trees
181;Random_Forest
181;collection
181;decision_trees
181;Forest
182;object
182;attributes
182;tree
182;classification
182;tree_votes
182;class
183;forest
183;classification
183;votes
183;trees
183;forest
184;tree
185;details
185;algorithm
185;decision_tree
185;tuning_model_parameters
185;articles
186;Introduction
186;Random_forest_Simplified
187;CART_model
187;Random_Forest_Part
188;Random_Forest
188;CART_model_Part
189;parameters
189;Random_Forest_model
190;Python
191;R_Code
193;years
193;increase
193;data
193;stages
194;Corporates_Government_Agencies_Research_organisations
194;sources
194;data
194;detail
195;example_E_commerce_companies
195;details
195;customer
195;demographics_web
195;history
195;purchase_history_feedback
195;others
195;attention
195;grocery_shopkeeper
196;data_scientist
196;data
196;features
196;model
196;challenge
197;d
197;s
197;cases_dimensionality_reduction_algorithm
197;algorithms
197;Decision_Tree_Random_Forest_PCA_Factor_Analysis_Identify
197;correlation_matrix
197;value_ratio
197;others
198;algorithms
198;Beginners_Guide
198;Dimension_Reduction_Techniques
200;GBM_AdaBoost
200;algorithms
200;plenty
200;data
200;prediction
200;prediction_power
201;ensemble
201;algorithm
201;prediction
201;base_estimators
201;order
201;robustness
201;estimator
202;predictors
202;predictor
203;algorithms
203;data_science_competitions
203;Kaggle_AV_Hackathon_CrowdAnalytix
204;Know
204;Gradient
204;AdaBoost
204;detail
205;GradientBoostingClassifier
205;Random_Forest
205;tree_classifier
205;people
205;difference
205;algorithms
206;idea
206;machine
206;algorithms
207;intention
207;article
207;codes
207;R
207;Python
208;machine_learning
209;problems
209;understanding
209;process
209;codes
209;fun
210;article
210;Share
210;views
210;opinions
210;comments_section
211;Awesowe_compilation
212;compilation
213;page
214;Straight_Informative
215;Summary_airticle
216;Super_Compilation
218;Thanks
219;article
222;information
222;blog
223;anyone
223;codes
223;R
223;symbol
223;codes_Help
225;information
225;blog
226;anyone
226;codes
226;R
226;symbol
226;codes_Help
227;variables
227;model
228;label
229;Attributes
229;Att1_Att2
229;Att1
229;Att2
229;model
230;simplicity
231;Thanks
231;effort
232;Article
232;lot
232;Machine_Learning
233;Hi_All
234;Thanks
234;comment
235;summary
236;point
237;reason
237;log_p
237;p
237;Logistic_Regression
237;equation
238;I._e.
239;Thanks_Dalila
240;reason
240;log
241;assumption
241;regression
241;probability
241;step_function
241;argument
241;attributes
242;First
242;assumption
242;linearity
242;bias
243;regression
243;model
243;bias
244;reason
244;relationship
244;order_polynomial
244;bias
244;reason
245;choice
245;log
245;convention
246;model
246;case
246;attribute
246;probability
247;p_x
247;ax_b
248;p_infinity
248;p_infinity
250;p
250;exp_ax_b
250;exp_ax_b
252;log_p_x
252;p
252;x_b
253;point
254;t_use
254;method
255;reason
255;choice
255;Bernoulli
255;variable
255;probability
255;maximum_likelihood_wrt_Bernoulli_process
256;regression
256;assumption
256;residuals
256;function
256;distribution
256;maximum_likelihood_estimate
256;distribution_amounts
256;square_method
257;regression
257;regression
257;likelihood_estimates
258;max_likelihoods
258;distributions
259;summary_Huzefa
259;t
259;R_code
259;function
261;variables
261;dataset
262;x1_x2
262;x1_x2
264;names
264;columns
264;data
265;frame
265;data
266;table
267;note
267;formula_specification
267;default_R
267;y_x
267;y
268;x._Interactions
268;variables
268;interaction_term
269;y_x1_x2
269;x1_x2_x1_x2
270;Hope
271;job
272;Thanks
273;Stanford_Coursera_ML_class
273;summary
274;world_analogues
274;mention
274;Jezzball
275;code
276;courses
279;point
280;Sir
280;gentleman
280;scholar
281;Hi_Sunil
282;tutorial
282;examples
282;codes
283;Neural_Network
283;terms
283;example
283;code
284;Errata
284;kmeans_X
284;cluster_solution
284;cluster_solution
286;resource
286;product
286;lot
286;work
287;note
287;comment
287;Logistic_Regression
287;regression
287;fact
288;outputs
288;probability
289;classification
289;step
289;choice
289;threshold
289;aim
289;Logistic_Regression
290;matter
290;fact
290;umbrella
290;Generalized_Libear_Models
290;glm_R_package
290;code_example
291;regression_output
292;Thanks
292;article
297;reallu
297;article
298;R_code
300;article
301;article
303;pages
303;material_ive
304;content
304;algorithms
305;article
306;stuff
306;t
306;libraries
307;sgood_article
308;data
308;examples
309;Article
310;summary
312;article
312;measure
312;performance
312;cooking_recipes
312;algorithm
312;stats
313;Cooking_recipes
313;ones
313;people
313;Drew_Conway
313;danger_zone_https_www
314;quora
315;com
315;data_science_venn_diagram
315;region
315;Skills
315;Expertise
315;danger_zone
315;programmers
315;data_analysts
315;scientists
315;mindset
316;anyone
316;world
316;learning
316;background
317;Google_Target_Telefonica
317;Google
317;poster_boy
317;Flops
317;Big_Data
318;article
318;share
319;article
320;topics
320;machine_learning
321;thedevmasters
322;com
322;company
322;course
322;depth
322;machine_learning
322;professors
322;sense
322;community
322;course
323;article
323;friends
324;description
324;algorithms
325;Thanks
326;d
326;mistake
326;SVM_section
327;point
327;co_ordinates
327;co_ordinates
327;Support_Vectors
328;features
329;points
329;margin
329;support_vectors
330;points
330;margin_i._e.
330;average
330;points
330;instance
332;article
333;compilation
334;information_interms
334;knowledge
334;methods
334;problem
335;models
335;residuals_profile
335;prediction
336;sense_analysis
336;data
337;R_use_summary_plot
337;check
337;assumptions_validity
338;article
339;m
339;data_analysis
341;Thanks
342;article
342;Anomaly_dection_algorithm
342;everyone
342;machine_learning
343;tutorial
344;Thanks
344;lot
344;guys
345;article
346;Analytics_Vidhya
347;article
348;python
349;compilation
350;Thanks
351;tutorial
351;insight
351;machine_learning
354;Thanks
355;Superb
356;summary
357;article
358;test_data
358;code_snippet
359;metrics
359;parameter_tunning
359;models
360;Thanks
360;jezzball_example
361;day
363;explanation
364;Thanks
364;knowledge
365;Perfect
365;Thanks
365;explanation
365;thanks
365;knowledge
366;summary
368;article
369;person
369;machine_learning
369;article
369;point
370;article
371;python
372;article
373;python
374;Kareermatrix
375;Hi_Friends
375;m
375;person
375;machine
375;algorithms
376;questions
377;ML_algorithms
378;algorithms
378;data
378;algorithms
379;algorithms
380;others
382;Article
384;Thanks
384;effort
386;machine_learning_algorithms
386;python
387;body
387;code
387;algorithm
388;programe
388;error
388;Error
388;model
389;frame
390;default_formula
391;list_y_train
392;data
392;type_list
393;list_y_train
395;y_train
395;data_frame
395;list
396;list_command
398;y_train
399;list
400;data
401;frame_t_y_train
403;summary
404;machine_learning_problems
404;practice
405;Analytics_Vidhya
405;practice_datasets
406;Analytics_Vidhya_hackathon
407;UCI_machine
407;repository
407;place
408;Google
409;R_codes
409;caret
412;tips_guides_infographics
412;expert
413;thousands
413;data_science_professionals
413;globe
416;P._S
417;content
418;information
418;anyone
419;Machine_learning_subfield
419;computer_science
419;computing
419;study
419;pattern_recognition
419;learning_theory
419;intelligence
420;Arthur_Samuel
420;machine_learning
420;Field
420;study
420;computers
420;ability
421;Machine_learning
421;study
421;construction
421;algorithms
421;predictions
421;data
422;algorithms
422;model
422;example_training_set
422;input_observations
422;order
422;data
422;predictions
422;decisions
422;outputs
422;program_instructions
