UnmappedWiki;types of debugger in system programming;https://en.wikipedia.org/wiki/Debugger; The code to be examined might alternatively be running on an instruction set simulator , a technique that allows great power in its ability to halt when specific conditions are encountered, but which will typically be somewhat slower than executing the code directly on the appropriate processor.;Instruction set simulator;instruction_set_simulator;1.0;0.00847457627118644;0.04273504273504273;1.0512096190062292;0.7071067811865475;0;Sun Jun 25 23:49:28 IST 2017;plural;1;instruction set simulator;debugger;Debuggers;0
UnmappedWiki;types of debugger tools;http://www.softwaretestinggenius.com/what-are-the-different-approaches-to-debug-the-software-applications; For debugging we can apply wide variety of debugging tools such as debugging compilers, dynamic debugging aids, automatic test case generators, memory dumps and cross reference maps.;Debugging;debugging;0.6363636363636364;0.10526315789473684;0.02279202279202279;0.7644188170503959;0.7071067811865475;0;Sun Jun 25 23:49:28 IST 2017;plural;1;debugging;debugger;Debuggers;0
UnmappedWiki;types of debugger tools;https://en.wikipedia.org/wiki/Debugger; GDB _ the GNU debugger.;GNU Debugger;gdb__;0.6363636363636364;0.0;0.0527065527065527;0.689070189070189;0.0;1;Sun Jun 25 23:49:28 IST 2017;plural;1;gnu debugger;debugger;Debuggers;0
UnmappedWiki;types of debugger tools;https://en.wikipedia.org/wiki/Debugger; Valgrind.;Valgrind;valgrind;0.2727272727272727;0.0;0.0527065527065527;0.32543382543382543;0.0;1;Sun Jun 25 23:49:28 IST 2017;plural;1;valgrind;debugger;Debuggers;0
UnmappedWiki;types of debugger tools;https://en.wikipedia.org/wiki/Debugger; WinDbg.;WinDbg;windbg;0.2727272727272727;0.0;0.0527065527065527;0.32543382543382543;0.0;1;Sun Jun 25 23:49:28 IST 2017;plural;1;windbg;debugger;Debuggers;0
MappedWiki;types of debugger in .net;https://msdn.microsoft.com/en-us/library/aa290350(v%3Dvs.71).aspx; This paper describes some of the new and improved features of the Microsoft  Visual Studio  .;Microsoft Visual Studio;microsoft_visual_studio;0.7272727272727273;0.0;0.4964387464387464;1.2237114737114738;0.0;0;Sun Jun 25 23:49:27 IST 2017
UnmappedWiki;types of debugger in .net;https://msdn.microsoft.com/en-us/library/ms227556.aspx;Application code can contain various types of errors, or bugs.;Glossary of computer software terms;application_code;0.6363636363636364;0.05555555555555555;0.4964387464387464;1.1883579383579383;0.7071067811865475;0;Sun Jun 25 23:49:28 IST 2017
UnmappedWiki;types of debugger in .net;https://msdn.microsoft.com/en-us/library/ms227556.aspx; Most syntax errors are caught during compilation.;Syntax error;syntax_errors;0.6363636363636364;0.05555555555555555;0.4964387464387464;1.1883579383579383;0.0;0;Sun Jun 25 23:49:28 IST 2017
UnmappedWiki;types of debugger in .net;https://msdn.microsoft.com/en-us/library/aa290350(v%3Dvs.71).aspx;NET Framework language and vice versa.;List of Latin phrases (V);vice_versa;0.6363636363636364;0.0;0.4964387464387464;1.1328023828023828;0.0;0;Sun Jun 25 23:49:28 IST 2017
UnmappedWiki;types of debugger in .net;https://msdn.microsoft.com/en-us/library/aa290350(v%3Dvs.71).aspx; It examines your executable file and attempts to determine whether the application will call both native and managed code.;Executable;executable_file;0.6363636363636364;0.0;0.4964387464387464;1.1328023828023828;1.0;0;Sun Jun 25 23:49:28 IST 2017
UnmappedWiki;types of debugger in .net;https://msdn.microsoft.com/en-us/library/aa290350(v%3Dvs.71).aspx; It examines your executable file and attempts to determine whether the application will call both native and managed code.;Managed code;managed_code;0.6363636363636364;0.0;0.4964387464387464;1.1328023828023828;1.0;0;Sun Jun 25 23:49:28 IST 2017
MappedWiki;types of debuggers in linux;http://www.kdbg.org/;KDbg is a graphical user interface to gdb, the GNU debugger.;Graphical user interface;graphical_user_interface;1.0;0.014285714285714285;0.07264957264957264;1.0869352869352868;0.0;0;Sun Jun 25 23:49:27 IST 2017
MappedWiki;types of debugger tools;http://searchsoftwarequality.techtarget.com/definition/debugging; At this point, it can be useful to look at the code s logging and use a stand_alone debugger tool or the debugging component of an integrated development environment .;Integrated development environment;integrated_development_environment;1.0;0.03125;0.0527065527065527;1.0839565527065527;1.0;0;Sun Jun 25 23:49:27 IST 2017
UnmappedWiki;types of debugger tools;http://searchsoftwarequality.techtarget.com/definition/debugging; In that case, unit tests __ such as JUnit and xUnit, which allow the programmer to run a specific function with specific inputs __ can be helpful in debugging.;Unit testing;unit_tests___;1.0;0.03125;0.0527065527065527;1.0839565527065527;0.0;0;Sun Jun 25 23:49:28 IST 2017
UnmappedWiki;types of debuggers in linux;https://en.wikipedia.org/wiki/List_of_debuggers;Nemiver   A GDB frontend that integrates well in the GNOME desktop environment .;GNOME;gnome_desktop_environment;1.0;0.010416666666666666;0.07264957264957264;1.0830662393162394;0.0;0;Sun Jun 25 23:49:28 IST 2017
MappedWiki;types of debugger in .net;https://msdn.microsoft.com/en-us/library/aa290350(v%3Dvs.71).aspx; For Visual Basic .;Visual Basic;visual_basic;0.6363636363636364;0.0;0.32858499525166185;0.9649486316152982;0.0;0;Sun Jun 25 23:49:27 IST 2017
UnmappedWiki;types of debugger in .net;https://msdn.microsoft.com/en-us/library/aa290350(v%3Dvs.71).aspx; To debug both runtime code and native code, the startup project has to be configured to support both types of debugging.;Machine code;native_code;0.6363636363636364;0.0;0.32858499525166185;0.9649486316152982;0.0;0;Sun Jun 25 23:49:28 IST 2017
UnmappedWiki;types of debuggers in linux;https://en.wikipedia.org/wiki/Comparison_of_debuggers; computer programs that are used to test and debug other programs.;Computer program;computer_programs;0.5454545454545454;0.16666666666666666;0.07264957264957264;0.7847707847707847;0.0;0;Sun Jun 25 23:49:28 IST 2017
MappedWiki;types of debuggers in linux;https://en.wikipedia.org/wiki/List_of_debuggers;GDB GUI Emacs   Emacs editor with built_in support for the GNU Debugger acts as the frontend  KDbg   Part of the KDE development tools  Nemiver   A GDB frontend that integrates well in the GNOME desktop environment  xxgdb   X_window frontend for GDB and dbx debugger  Qt Creator   multi_platform frontend for GDB, CDB and LLDB  Allinea s DDT   a parallel and distributed front_end to a modified version of GDB  Xcode   contains a GDB front_end as well  SlickEdit   contains a GDB front_end as well  Eclipse C C   Development Tools  2    includes visual debugging tools based on GDB  CodeLite   An open source, cross platform C C   IDE which have front end for gdb, the next version of CodeLite will also include a front end to the LLDB CodeBlocks   A free cross_platform C, C   and Fortran IDE with a front end for gdb  RR   An open source C C   debugger by Mozilla, supporting reproduction of program state and reverse execution.;Open-source model;open_source;0.6363636363636364;0.03125;0.07264957264957264;0.740263209013209;1.0;0;Sun Jun 25 23:49:27 IST 2017
UnmappedWiki;types of debuggers in linux;https://en.wikipedia.org/wiki/List_of_debuggers;GDB GUI Emacs   Emacs editor with built_in support for the GNU Debugger acts as the frontend  KDbg   Part of the KDE development tools  Nemiver   A GDB frontend that integrates well in the GNOME desktop environment  xxgdb   X_window frontend for GDB and dbx debugger  Qt Creator   multi_platform frontend for GDB, CDB and LLDB  Allinea s DDT   a parallel and distributed front_end to a modified version of GDB  Xcode   contains a GDB front_end as well  SlickEdit   contains a GDB front_end as well  Eclipse C C   Development Tools  2    includes visual debugging tools based on GDB  CodeLite   An open source, cross platform C C   IDE which have front end for gdb, the next version of CodeLite will also include a front end to the LLDB CodeBlocks   A free cross_platform C, C   and Fortran IDE with a front end for gdb  RR   An open source C C   debugger by Mozilla, supporting reproduction of program state and reverse execution.;vehicle body;front_end;0.6363636363636364;0.03125;0.07264957264957264;0.740263209013209;1.0;0;Sun Jun 25 23:49:28 IST 2017
MappedWiki;types of debuggers in linux;https://en.wikipedia.org/wiki/List_of_debuggers;GDB GUI Emacs   Emacs editor with built_in support for the GNU Debugger acts as the frontend  KDbg   Part of the KDE development tools  Nemiver   A GDB frontend that integrates well in the GNOME desktop environment  xxgdb   X_window frontend for GDB and dbx debugger  Qt Creator   multi_platform frontend for GDB, CDB and LLDB  Allinea s DDT   a parallel and distributed front_end to a modified version of GDB  Xcode   contains a GDB front_end as well  SlickEdit   contains a GDB front_end as well  Eclipse C C   Development Tools  2    includes visual debugging tools based on GDB  CodeLite   An open source, cross platform C C   IDE which have front end for gdb, the next version of CodeLite will also include a front end to the LLDB CodeBlocks   A free cross_platform C, C   and Fortran IDE with a front end for gdb  RR   An open source C C   debugger by Mozilla, supporting reproduction of program state and reverse execution.;Cross-platform;cross-platform;0.6363636363636364;0.020833333333333332;0.07264957264957264;0.7298465423465423;1.0;0;Sun Jun 25 23:49:27 IST 2017
UnmappedWiki;types of debuggers in linux;https://en.wikipedia.org/wiki/List_of_debuggers;GDB GUI Emacs   Emacs editor with built_in support for the GNU Debugger acts as the frontend  KDbg   Part of the KDE development tools  Nemiver   A GDB frontend that integrates well in the GNOME desktop environment  xxgdb   X_window frontend for GDB and dbx debugger  Qt Creator   multi_platform frontend for GDB, CDB and LLDB  Allinea s DDT   a parallel and distributed front_end to a modified version of GDB  Xcode   contains a GDB front_end as well  SlickEdit   contains a GDB front_end as well  Eclipse C C   Development Tools  2    includes visual debugging tools based on GDB  CodeLite   An open source, cross platform C C   IDE which have front end for gdb, the next version of CodeLite will also include a front end to the LLDB CodeBlocks   A free cross_platform C, C   and Fortran IDE with a front end for gdb  RR   An open source C C   debugger by Mozilla, supporting reproduction of program state and reverse execution.;State (computer science);program_state;0.6363636363636364;0.020833333333333332;0.07264957264957264;0.7298465423465423;1.0;0;Sun Jun 25 23:49:28 IST 2017
UnmappedWiki;types of debugger tools;http://istqbexamcertification.com/what-are-the-different-types-of-software-testing-tools/;Other example of the probe effect is when a debugging tool tries to find a particular defect.;Probe effect;probe_effect;0.6363636363636364;0.038461538461538464;0.0527065527065527;0.7275317275317275;0.0;0;Sun Jun 25 23:49:28 IST 2017
MappedWiki;different types of debugger tools;https://wp-types.com/documentation/programmer-reference/debugging-sites-built-with-toolset/; In Internet Explorer, click the Tools button_ F12 Developer Tools.;Internet Explorer;internet_explorer;0.6363636363636364;0.034482758620689655;0.0527065527065527;0.7235529476908786;0.0;0;Sun Jun 25 23:49:27 IST 2017
MappedWiki;types of debuggers in linux;http://www.kdbg.org/;Of course, lots of other basic functions  View source code, search text, set program arguments and environment variables, display arbitrary expressions  Everything you need to debug a program .;Program management;programs;0.6363636363636364;0.014285714285714285;0.07264957264957264;0.7232989232989232;0.0;0;Sun Jun 25 23:49:27 IST 2017
UnmappedWiki;types of debuggers in linux;http://www.kdbg.org/;Inspection of variable values in a tree structure .;Tree structure;tree_structure;0.6363636363636364;0.014285714285714285;0.07264957264957264;0.7232989232989232;0.0;0;Sun Jun 25 23:49:28 IST 2017
MappedWiki;types of debuggers in linux;https://en.wikipedia.org/wiki/List_of_debuggers;xxgdb   X_window frontend for GDB and dbx debugger .;Dbx (debugger);dbx_debugger;0.6363636363636364;0.010416666666666666;0.07264957264957264;0.7194298756798756;0.0;0;Sun Jun 25 23:49:27 IST 2017
UnmappedWiki;types of debugger tools;https://wp-types.com/documentation/programmer-reference/debugging-sites-built-with-toolset/; You can use it to do an online search for a possible solution or cause to the problem, or to provide additional information to our Customer Support when opening a ticket.;Customer support;customer_support;0.6363636363636364;0.030303030303030304;0.0527065527065527;0.7193732193732193;0.7071067811865475;0;Sun Jun 25 23:49:28 IST 2017
UnmappedWiki;types of debugger tools;http://www.simoneconcepts.com/solvingproblems/typesofdebugging.html;The emerging field of  auditory display  uses sound to convey more detailed information.;Auditory display;auditory_display;0.6363636363636364;0.029411764705882353;0.0527065527065527;0.7184819537760714;0.0;0;Sun Jun 25 23:49:28 IST 2017
MappedWiki;types of debugger in system programming;https://en.wikipedia.org/wiki/Debugger; The code to be examined might alternatively be running on an instruction set simulator , a technique that allows great power in its ability to halt when specific conditions are encountered, but which will typically be somewhat slower than executing the code directly on the appropriate processor.;Great power;great_power;0.6363636363636364;0.00847457627118644;0.04273504273504273;0.6875732553698655;0.7071067811865475;0;Sun Jun 25 23:49:27 IST 2017
MappedWiki;types of debugger in system programming;https://en.wikipedia.org/wiki/Debugger; An instruction set that meets the Popek and Goldberg virtualization requirements makes it easier to write debugger software that runs on the same CPU as the software being debugged  such a CPU can execute the inner loops of the program under test at full speed, and still remain under debugger control.;Software;software;0.6363636363636364;0.00847457627118644;0.04273504273504273;0.6875732553698655;0.7071067811865475;0;Sun Jun 25 23:49:27 IST 2017
MappedWiki;types of debugger in system programming;https://en.wikipedia.org/wiki/Debugger; In_system programming allows an external hardware debugger to reprogram a system under test .;In-system programming;in-system_programming;0.6363636363636364;0.00847457627118644;0.04273504273504273;0.6875732553698655;0.0;0;Sun Jun 25 23:49:27 IST 2017
MappedWiki;types of debugger in system programming;https://en.wikipedia.org/wiki/Debugger; Micro controllers with as few as six pins need to use low pin_count substitutes for JTAG, such as BDM, Spy_Bi_Wire, or debugWIRE on the Atmel AVR.;Microcontroller;microcontrollers;0.6363636363636364;0.00847457627118644;0.04273504273504273;0.6875732553698655;0.0;0;Sun Jun 25 23:49:27 IST 2017
UnmappedWiki;types of debugger in system programming;https://en.wikipedia.org/wiki/Debugger; An instruction set that meets the Popek and Goldberg virtualization requirements makes it easier to write debugger software that runs on the same CPU as the software being debugged  such a CPU can execute the inner loops of the program under test at full speed, and still remain under debugger control.;Flank speed;full_speed;0.6363636363636364;0.00847457627118644;0.04273504273504273;0.6875732553698655;0.7071067811865475;0;Sun Jun 25 23:49:28 IST 2017
UnmappedWiki;types of debugger in sap abap;http://www.saptraininghq.com/use-sap-abap-debugger-efficiently/;The ABAP Debugger is used tool to execute and analyze programs line by line.;Line (geometry);line;0.6363636363636364;0.0;0.04273504273504273;0.679098679098679;1.0;0;Sun Jun 25 23:49:28 IST 2017
MappedWiki;types of debugger tools;https://en.wikipedia.org/wiki/Debugger; Eclipse debugger API used in a range of IDEs.;Ides (calendar);ides;0.2727272727272727;0.07142857142857142;0.0527065527065527;0.3968623968623968;1.0;1;Sun Jun 25 23:49:27 IST 2017
UnmappedWiki;types of debugger tools;https://en.wikipedia.org/wiki/Debugger; Eclipse debugger API used in a range of IDEs.;Range (mathematics);range;0.2727272727272727;0.07142857142857142;0.0527065527065527;0.3968623968623968;1.0;1;Sun Jun 25 23:49:28 IST 2017
