24;is_a_type_of;1.0
24;is;0.0
24;be_uses_by;0.7071067811865475
25;includes;0.0
26;seeks_to_build;0.0
26;can_be_make_for;0.7071067811865475
26;seeks_from;0.0
27;to_validate;0.0
28;often_yield;0.0
39;Thank;0.0
40;says_in;0.0
40;says_at;0.0
40;have_already_bookmarked;0.0
41;says_in;0.0
41;Thank;0.0
42;says_in;0.0
43;says_in;0.0
45;says_in;0.0
45;says_at;0.0
46;says_in;0.0
46;says_at;0.0
47;says_in;0.0
47;says_at;0.0
48;to_run;0.0
49;to_select;0.0
49;to_run;0.0
49;Att2_to_create;0.0
49;that_ll_be_using_for;0.0
50;says_in;0.0
50;says_at;0.0
50;am_Enjoyed_the_simplicity_Thanks_for;0.0
53;is_governed_by;0.7071067811865475
53;would_not_like_to_do_so_without;0.0
53;is_linear_in;0.0
53;is;0.0
53;estimates;0.0
53;have_decided_to_go_with;0.0
53;be_model_the_probability_by;1.0
53;may_be;0.0
53;is;0.0
53;Now_coming_to;0.0
53;estimate;0.0
53;First_of_all_the_assumption_linearity_otherwise_introduces_However;0.0
53;be_taking_in;0.0
53;am_s;0.0
53;be_estimates_by;0.7071067811865475
53;is_to_make;0.0
53;be_model_the_probability_by;1.0
53;be_model_the_probability_by;1.0
53;am_at;0.0
53;be_model_the_probability_fsuch;1.0
53;be_model_the_probability_in;1.0
53;be_model_the_probability_in;1.0
53;be_model_the_probability_in;1.0
53;is_thus;0.0
53;be_model_the_probability_fsuch;1.0
53;be_model_the_probability_fsuch;1.0
53;be_First_of_all_the_assumption_linearity_otherwise_introduces_However_by;0.7071067811865475
53;is_just_Basically_once;0.0
54;can_remove_it_via;0.7071067811865475
54;stands_for;0.0
54;can_remove;0.7071067811865475
54;can_write;0.7071067811865475
54;says_in;0.0
54;basically_means_as;0.0
54;stands_for;0.0
54;says_at;0.0
54;can_be_write_by;0.7071067811865475
54;can_write_y_x1_x2_where_x1_x2_are_the_names_of_the_columns_of_your_data_frame_or_data_table_Further_note_on_formula_specification_by;0.7071067811865475
54;can_also_keep_in;0.7071067811865475
54;can_be_remove_via;0.7071067811865475
54;so_is_equivalent_to;0.0
54;so_is;0.0
55;am_did;0.0
55;says_in;0.0
55;says_at;0.0
56;found;0.0
56;found;0.0
56;took;0.0
56;appreciate;0.0
56;says_in;0.0
56;is;0.0
56;says_in;0.0
57;have_completed;0.0
59;can_add_Neural_Network_here_in;0.7071067811865475
59;can_be_add_here_in;0.7071067811865475
59;can_add_here;0.7071067811865475
59;can_add_Neural_Network_here_in;0.7071067811865475
59;can_add_here;0.7071067811865475
60;says_in;0.0
60;says_at;0.0
60;_;0.0
60;s;0.0
60;be_s_by;0.7071067811865475
62;falls_under;0.0
62;falls_under;0.0
62;be_bound_between;0.0
62;is_outputs_to;0.0
62;falls_as;0.0
62;falls_as;0.0
62;is_outputs_in;0.0
62;be_the_product_of;0.0
62;be_your_comment_on;0.0
62;that_regard_as;0.0
62;be_requires_overall_by;0.7071067811865475
63;says_in;0.0
63;says_at;0.0
64;says_in;0.0
64;says_at;0.0
64;am_Thank_reallu;0.0
65;says_in;0.0
65;says_at;0.0
65;says_in;0.0
65;can_use;0.7071067811865475
66;says_in;0.0
66;says_at;0.0
67;am_is;0.0
68;ve_recently_started_following;0.0
70;Thank_so_much_this_article;0.0
71;just_can_t_get;0.7071067811865475
72;need;0.0
72;says_in;0.0
73;says_in;0.0
74;have_to_thank;0.0
75;to_Otherwise_could_end_up_like;0.0
75;not_to_jump_could_into;0.0
75;to_could_says_in;0.0
75;highly_recommend;0.0
75;to_could_says_at;0.0
75;not_to_jump_could_without;0.0
75;Do_have;0.0
75;to_could_says_in;0.0
75;to_could_says_at;0.0
75;does_not_mention;0.0
75;says_in;0.0
75;to_Otherwise_could_end_up_like;0.0
75;not_to_jump_could_into;0.0
75;not_to_jump_could_without;0.0
76;says_in;0.0
76;really_summarize_some_of_the_most_important_topics_on;0.0
76;to_learn;0.0
76;would_like_to_present;0.0
76;to_present;0.0
77;be_recommended_to;0.0
78;says_in;0.0
78;says_at;0.0
78;has;0.0
78;d_to_point_out;0.0
78;define;1.0
79;says_in;0.0
79;says_at;0.0
79;be_Thank_for;0.0
79;s_proven_in;0.0
80;says_in;0.0
80;says_at;0.0
81;can_be_fitted_into;0.7071067811865475
81;really_predicts_in;0.0
81;really_predicts_in;0.0
81;is_never_ending_in;0.0
81;Hence_must_always_compare;0.0
81;says_in;0.0
81;says_at;0.0
82;says_in;0.0
82;says_at;0.0
82;m;0.0
83;says_in;0.0
83;says_at;0.0
83;would_have_explain_about;0.0
86;says_in;0.0
86;am_loving;0.0
89;says_at;0.0
89;says_in;0.0
90;says_in;0.0
91;says_in;0.0
92;says_in;0.0
93;Thank;0.0
94;would_have_become_even_better_had;0.7071067811865475
94;Add;0.0
94;would_have_become_even_better_had;0.7071067811865475
95;am_Thanks_for;0.0
95;made_in;0.0
96;to_digest;0.0
96;is;0.0
97;says_in;0.0
97;says_at;0.0
97;be_sharing_with;0.0
97;exactly_what_was_looking_for;0.0
98;says_in;0.0
98;Thank;0.0
99;says_in;0.0
99;says_at;0.0
99;gives;0.0
99;be_gives_by;0.7071067811865475
100;thank;0.0
101;thank;0.0
102;is;0.0
102;which_is_suitable_for;0.0
102;can_choose;0.7071067811865475
102;i_have;0.0
102;be_October_23_i;0.0
103;says_in;0.0
104;provide_me;0.0
104;could_help;0.0
104;have_to_implement;0.0
104;be_the_proper_code_for;0.0
104;learning_algorithms_so_in;0.0
104;be_learning_so_in;0.0
105;cannot_be_converted_directly_to;0.0
105;cannot_be_converted_directly_with;0.0
105;says_in;0.0
105;be_named_in;0.0
105;is_cannot;0.0
106;says_at;0.0
106;Also_is_a_phenomenal_place_google;0.7071067811865475
106;Also_is_a_phenomenal_place_google;0.7071067811865475
106;Also_is;1.0
106;Also_is;1.0
106;says_at;0.0
107;have;0.0
107;be_based_on;1.0
114;is_for;0.0
117;use;0.0
136;extending_linear_models_with;0.0
136;Setting;0.0
136;be_extending_with;0.0
136;Setting;0.0
139;be_Using_as;0.0
139;Using_Python_functions_as;0.0
139;be_novelty_detection_on;0.0
144;fitting;0.0
146;Using_the_VotingClassifier_with;0.0
146;Using;0.0
146;be_Using_with;0.0
147;be_multilabel_format;0.0
148;be_using_as;0.0
148;using_SelectFromModel_1_13_4_1_L1_based_feature_selection_as;1.0
154;Setting;0.0
155;Setting;0.0
168;extending_linear_models_with;0.0
168;be_extending_with;0.0
171;Setting;0.0
201;Using_Python_functions_as;0.0
201;be_Using_as;0.0
202;Using_Python_functions_as;0.0
202;be_Using_as;0.0
222;Finding;0.0
279;Using_the_VotingClassifier_with;0.0
279;Using;0.0
279;be_Using_with;0.0
301;Using_the_VotingClassifier_with;0.0
301;Using;0.0
301;be_Using_with;0.0
332;extending_linear_models_with;0.0
332;Setting;0.0
332;be_extending_with;0.0
332;Setting;0.0
335;be_Using_as;0.0
335;Using_Python_functions_as;0.0
335;be_novelty_detection_on;0.0
340;fitting;0.0
342;Using_the_VotingClassifier_with;0.0
342;Using;0.0
342;be_Using_with;0.0
343;be_multilabel_format;0.0
344;be_using_as;0.0
344;using_SelectFromModel_1_13_4_1_L1_based_feature_selection_as;1.0
350;Setting;0.0
351;Setting;0.0
364;extending_linear_models_with;0.0
364;be_extending_with;0.0
371;extending_linear_models_with;0.0
371;Setting;0.0
371;be_extending_with;0.0
371;Setting;0.0
374;be_Using_as;0.0
374;Using_Python_functions_as;0.0
374;be_novelty_detection_on;0.0
379;fitting;0.0
381;Using_the_VotingClassifier_with;0.0
381;Using;0.0
381;be_Using_with;0.0
382;be_multilabel_format;0.0
383;be_using_as;0.0
383;using_SelectFromModel_1_13_4_1_L1_based_feature_selection_as;1.0
388;can_be_divided_into;0.7071067811865475
389;is_useful_in;0.0
389;to_be_predicted_for;0.0
389;is_available_for;0.0
389;is;0.0
389;is;0.0
390;is_useful_in;0.0
390;is_to_discover;0.0
390;is;0.0
392;learn_about;0.0
